<toc label="Hangman" topic="index.html">
  <topic label="HSWE C project" href="index.html">
    <topic label="How to play" href="index.html#sec1">
      <topic label="Important: Using words from file!" href="index.html#sec1_1"/>
    </topic>
    <topic label="Features" href="index.html#sec2"/>
    <topic label="Parts" href="index.html#sec3">
      <topic label="Main (Hangman)" href="index.html#sec3_1"/>
      <topic label="Menu (and instructions)" href="index.html#sec3_2"/>
      <topic label="Play" href="index.html#sec3_3"/>
      <topic label="File_IO" href="index.html#sec3_4"/>
      <topic label="Logging" href="index.html#sec3_5"/>
    </topic>
    <topic label="Version Control" href="index.html#sec4"/>
  </topic>
  <topic label="Data Structures" href="annotated.html">
    <topic label="Data Structures" href="annotated.html">
      <topic label="file_words_s" href="structfile__words__s.html">
        <topic label="index" href="structfile__words__s.html#aac994698e1c11ac6c04acbc921077d94"/>
        <topic label="length" href="structfile__words__s.html#aaf7ee3ca909cf8b1ec09540236711201"/>
        <topic label="u_flag" href="structfile__words__s.html#ad503982fd12eac27ef5395a740de844d"/>
        <topic label="word" href="structfile__words__s.html#aab3c16292b5e49bd95f7c3d449ea9eb6"/>
      </topic>
      <topic label="menu_s" href="structmenu__s.html">
        <topic label="symbol" href="structmenu__s.html#a616849d46d90c6c0792eade0ca01cb5d"/>
        <topic label="text" href="structmenu__s.html#ad2a8198c356cb83c0469c006e1b40713"/>
      </topic>
    </topic>
    <topic label="Data Structure Index" href="classes.html"/>
  </topic>
  <topic label="Files">
    <topic label="File List" href="files.html">
      <topic label="file_io.c" href="file__io_8c.html">
        <topic label="file_read" href="file__io_8c.html#ae5c168db6a34cef70cd314b05c2dd8dd"/>
        <topic label="file_write" href="file__io_8c.html#af06d8ac4ebce5b61f72689674442e5ec"/>
        <topic label="free_struct" href="file__io_8c.html#a19fee975550a76e4d157a36971c0f5b1"/>
        <topic label="word_reset" href="file__io_8c.html#a8f26ab291d11adef8fd9454b93eeb3bf"/>
      </topic>
      <topic label="file_io.h" href="file__io_8h.html">
        <topic label="file_read" href="file__io_8h.html#ae5c168db6a34cef70cd314b05c2dd8dd"/>
        <topic label="file_write" href="file__io_8h.html#af06d8ac4ebce5b61f72689674442e5ec"/>
        <topic label="free_struct" href="file__io_8h.html#ad2c71b4e09005c4b235b87fb600934f7"/>
        <topic label="word_reset" href="file__io_8h.html#a8f26ab291d11adef8fd9454b93eeb3bf"/>
      </topic>
      <topic label="hangman.c" href="hangman_8c.html">
        <topic label="main" href="hangman_8c.html#a0ddf1224851353fc92bfbff6f499fa97"/>
        <topic label="main_cl" href="hangman_8c.html#a5e20663a666b0df33875850ec3624902"/>
        <topic label="main_m" href="hangman_8c.html#ac4fb193ab29b47c2e6bf34e8fe85563b"/>
      </topic>
      <topic label="hangman.h" href="hangman_8h.html">
        <topic label="file_words_s" href="structfile__words__s.html">
          <topic label="index" href="structfile__words__s.html#aac994698e1c11ac6c04acbc921077d94"/>
          <topic label="length" href="structfile__words__s.html#aaf7ee3ca909cf8b1ec09540236711201"/>
          <topic label="u_flag" href="structfile__words__s.html#ad503982fd12eac27ef5395a740de844d"/>
          <topic label="word" href="structfile__words__s.html#aab3c16292b5e49bd95f7c3d449ea9eb6"/>
        </topic>
        <topic label="D" href="hangman_8h.html#af316c33cc298530f245e8b55330e86b5"/>
        <topic label="dfile" href="hangman_8h.html#ad9527987fcff04941182d5652b3c3d73"/>
        <topic label="lfile" href="hangman_8h.html#a22042cf466f9bf9e55657d344aad7b61"/>
        <topic label="maxchar" href="hangman_8h.html#a9d741e1b6e98646acb7ea89e9342c470"/>
        <topic label="maxwords" href="hangman_8h.html#a6ff48e7fb41d036609b08394605d4ebf"/>
        <topic label="wguesses" href="hangman_8h.html#ad2716bcb9d12d0c90a58499fea4a25dd"/>
        <topic label="file_words_t" href="hangman_8h.html#aaf21d390b440cc8ffa445d4d9d2078a7"/>
      </topic>
      <topic label="log.c" href="log_8c.html">
        <topic label="log_user_input" href="log_8c.html#ad471e3d741a81d5bac4f47e747f708bc"/>
      </topic>
      <topic label="log.h" href="log_8h.html">
        <topic label="log_user_input" href="log_8h.html#ad471e3d741a81d5bac4f47e747f708bc"/>
      </topic>
      <topic label="menu.c" href="menu_8c.html">
        <topic label="parse_input" href="menu_8c.html#a8ee469c782aa1a090e0b2b37ba1aec3e"/>
        <topic label="set_file" href="menu_8c.html#addd4cebbb808f9f838c4393d9597d249"/>
        <topic label="show_instr" href="menu_8c.html#a049ea0c5d3872ee8fd5961d9d0922447"/>
        <topic label="show_menu" href="menu_8c.html#af67480724089637b55a8148566870f16"/>
        <topic label="ifile" href="menu_8c.html#adaf8375d7af505f7bb9ddfd7b81e4c13"/>
      </topic>
      <topic label="menu.h" href="menu_8h.html">
        <topic label="menu_s" href="structmenu__s.html">
          <topic label="symbol" href="structmenu__s.html#a616849d46d90c6c0792eade0ca01cb5d"/>
          <topic label="text" href="structmenu__s.html#ad2a8198c356cb83c0469c006e1b40713"/>
        </topic>
        <topic label="menu_t" href="menu_8h.html#aed08c6d5d5b5d87ad2368f169239217c"/>
        <topic label="parse_input" href="menu_8h.html#a8ee469c782aa1a090e0b2b37ba1aec3e"/>
        <topic label="set_file" href="menu_8h.html#addd4cebbb808f9f838c4393d9597d249"/>
        <topic label="show_instr" href="menu_8h.html#a049ea0c5d3872ee8fd5961d9d0922447"/>
        <topic label="show_menu" href="menu_8h.html#af67480724089637b55a8148566870f16"/>
      </topic>
      <topic label="play.c" href="play_8c.html">
        <topic label="FGREEN" href="play_8c.html#a205f1ecfd8eae9b29ff8a8fbe5f5b4b4"/>
        <topic label="FRED" href="play_8c.html#ab41c5ea389c93bdcab9fea2f2946eaaa"/>
        <topic label="FYELLOW" href="play_8c.html#a6504ad628ed3640dfc115f1fcafaa299"/>
        <topic label="NONE" href="play_8c.html#a655c84af1b0034986ff56e12e84f983d"/>
        <topic label="boolean_e" href="play_8c.html#a74dcbee810ba5df4945e9b7c5f92e2e9">
          <topic label="F" href="play_8c.html#a74dcbee810ba5df4945e9b7c5f92e2e9af382a63cc3d6491bf26b59e66f46826d"/>
          <topic label="T" href="play_8c.html#a74dcbee810ba5df4945e9b7c5f92e2e9a21f40778b7db9343a6ca75ec2c41ccce"/>
        </topic>
        <topic label="cl_word" href="play_8c.html#a58cb440c1b99365bd95e524d6cf57bf0"/>
        <topic label="display_guesses" href="play_8c.html#acb314672d95b849454a9a27c2b73fd48"/>
        <topic label="find_unused_words" href="play_8c.html#a9df9f2f9b56dc55d7a9bcf0d8111343b"/>
        <topic label="get_word" href="play_8c.html#a74f6dacc217e136126e5d63bdc70df7d"/>
        <topic label="play" href="play_8c.html#afa4003e3abdffe4c899d7c9dd76b7d3b"/>
        <topic label="rand_no" href="play_8c.html#ad0b41dc85361a90d21658e4cffbf02c8"/>
        <topic label="bool_faulty_word" href="play_8c.html#a9bf0bc75ce139da19443233a6670b75a"/>
        <topic label="bool_match" href="play_8c.html#abd4917ff4c5c84dfa55949d015d2787e"/>
        <topic label="bool_used" href="play_8c.html#a98800071954e024ba5106f63ddbdf6ca"/>
      </topic>
      <topic label="play.h" href="play_8h.html">
        <topic label="cl_word" href="play_8h.html#a58cb440c1b99365bd95e524d6cf57bf0"/>
        <topic label="display_guesses" href="play_8h.html#acb314672d95b849454a9a27c2b73fd48"/>
        <topic label="find_unused_words" href="play_8h.html#a9df9f2f9b56dc55d7a9bcf0d8111343b"/>
        <topic label="get_word" href="play_8h.html#a74f6dacc217e136126e5d63bdc70df7d"/>
        <topic label="play" href="play_8h.html#afa4003e3abdffe4c899d7c9dd76b7d3b"/>
        <topic label="rand_no" href="play_8h.html#ad0b41dc85361a90d21658e4cffbf02c8"/>
      </topic>
    </topic>
    <topic label="Globals" href="globals.html">
      <topic label="All" href="globals.html"/>
      <topic label="Functions" href="globals_func.html"/>
      <topic label="Variables" href="globals_vars.html"/>
      <topic label="Enumerations" href="globals_enum.html"/>
      <topic label="Macros" href="globals_defs.html"/>
    </topic>
  </topic>
</toc>
